{
    "max_health": 100,
    "health_points": 100,
    "base_damage": 60,
    "coins": 6,
    "ability_success_rate": 0.85,
    "inventory": [
        {
            "name": "Lucky Spear Of the damned",
            "price": 74,
            "color": "\u001b[91m",
            "attack_damage": 30
        },
        {
            "name": "Potions",
            "price": 90,
            "color": "\u001b[96m",
            "amount": 3,
            "HP": 35
        }
    ],
    "color": "\u001b[92m",
    "name": "Trader",
    "unlocked_door": false,
    "dragon_defeated": false,
    "hability": "Likable"
}